<?xml version="1.0" encoding="UTF-8"?>
<project-private xmlns="http://www.netbeans.org/ns/project-private/1">
    <editor-bookmarks xmlns="http://www.netbeans.org/ns/editor-bookmarks/2" lastBookmarkId="0"/>
    <open-files xmlns="http://www.netbeans.org/ns/projectui-open-files/2">
        <group>
            <file>file:/D:/3.%20UNIPAMPLONA/3.%20Semestre/POO/3.%20Corte/Interfaces%20Java/INTERFACES_JAVA/UML_4/src/yFrame/Inicio.java</file>
            <file>file:/D:/3.%20UNIPAMPLONA/3.%20Semestre/POO/3.%20Corte/Interfaces%20Java/INTERFACES_JAVA/UML_4/src/yFrame/Login.java</file>
        </group>
    </open-files>
</project-private>
